,px,py,area (pixels),flux (noise-normed)
0,7877.363638922046,1883.6626689315008,46.0,3204.9654361046496
1,9399.066770411702,4612.066262114875,37.0,1016.3589478307116
2,6966.342490742001,6237.987899344916,39.0,1008.640699796472
3,5279.074879991298,6260.682407040398,38.0,982.5365640018906
4,2673.267156511756,2515.7118449708587,36.0,909.6124764306063
5,2205.405105201687,3645.187520591416,36.0,814.5944905850955
6,8618.322747058965,788.424112955496,32.0,491.1989172366611
7,6097.4727268387105,978.8459734847029,27.0,451.6448136664368
8,8079.570747723827,70.36702555826088,32.0,419.3520458709482
9,1794.951960594239,3720.295682057499,32.0,400.0674021181277
10,8274.662690728599,1782.9844802112532,31.0,397.34552351913106
11,7483.734948756116,4077.691414088903,29.0,386.11950113670343
12,2662.1237556823894,2510.0458109381243,24.0,377.19371142535755
13,810.1023871297465,5805.4031595235865,28.0,335.0026997105391
14,8503.09111240774,3018.2009137345185,25.0,331.87977282217753
15,6686.82496620731,1030.6889220336677,23.0,305.45963344308404
16,6652.636793548966,5433.113743935056,22.0,302.76612277094387
17,156.91816712862112,2795.0745274762003,28.0,267.3729561784872
18,8716.150552486723,1599.0140697202564,25.0,267.1680726977916
19,7939.470511923426,2641.8044146741377,19.0,231.42935802012428
20,1768.6597073695575,194.45998327639958,25.0,229.23678384162028
21,7641.0902411739135,505.2932700424066,23.0,228.37179951872227
22,9058.052073601028,2919.145358280244,22.0,225.8166865598562
23,6969.68124851102,3534.4120268997453,15.0,223.59855481904523
24,5963.898849066506,410.4362276517067,18.0,198.4346992073819
25,6062.660833223914,4276.398147459735,13.0,176.97648531264505
26,7293.409612518379,3215.741454875733,15.0,156.3150139434037
27,2656.658219252307,3867.2213692773466,16.0,154.55705460915271
28,8083.729720762068,6019.097433695496,17.0,151.09511987792703
29,3198.7054145533657,4428.065581222183,16.0,147.68622871546097
30,6892.508249875945,1879.4195291380966,14.0,135.38584731789967
31,4864.98029771263,1106.5015766549025,14.0,133.50090586098844
32,8213.714567724395,5820.628689123896,14.0,132.02093717829325
33,8753.122783020473,167.83411371121585,14.0,127.163850812323
34,8460.464347765761,4089.2774259422517,13.0,114.45006364413098
35,2006.912379326369,1604.1656590053674,13.0,112.67649845336399
36,6791.20674258984,1919.97507300358,11.0,106.72149508577162
37,9274.804839037075,4990.009004019615,10.0,106.07527649380745
38,1136.9147590067698,4000.89469243061,11.0,102.74471773075811
39,9226.526651677015,5158.774024151768,10.0,101.19631782623514
40,2457.8824244240914,3025.8879005952886,8.0,99.96576905325546
41,7440.896606252466,3139.061443900027,9.0,99.25846627319125
42,8935.073771437823,296.52365711138117,8.0,90.33409399568926
43,4203.1467024641715,4119.794574783224,7.0,89.39177245826106
44,547.6259451626155,2988.3001395447914,7.0,73.72903506412507
45,3266.3962439577776,6017.411295211639,8.0,73.52276774240187
46,7798.798944307846,2995.486042515768,8.0,73.41894841775695
47,1060.7736460202318,1855.1541540228936,6.0,68.79137337118942
48,4044.9933364916515,5851.849734411556,6.0,65.64140384504474
49,9208.018297331279,840.4111146853841,6.0,65.47121493059294
50,2412.1498333244654,3876.140295328235,5.0,59.489956904845506
51,7618.176901229731,133.88878454823225,4.0,52.03622619032242
52,1431.9897372883622,4457.391633717798,6.0,49.45148972705941
53,3141.60388382028,4070.034739622955,5.0,47.48215577704094
54,4840.572313364101,5430.774457624259,4.0,44.97647686654235
55,3332.835297879459,641.5569017435212,5.0,44.57048278781183
56,7582.59082505075,5982.132800595026,3.0,41.991079593052646
57,822.0472097245333,3342.223855579154,2.0,40.76818563803958
58,8103.837483037089,3618.458185876716,3.0,40.010319425399324
59,1137.5591687186698,728.9700527839624,2.0,35.50175374521201
60,7117.5479415307145,2695.6016753301474,3.0,32.53666286591093
61,6561.916953253412,4385.386467161272,2.0,30.844697432798373
62,2020.7863350139976,191.40518253737818,2.0,30.73948262012318
63,4327.8951723059245,3791.092181764288,3.0,30.600326414938156
64,5277.246685559178,285.08393115520573,2.0,30.06599545388161
65,7104.358400334878,5053.093011715212,2.0,29.404993097804237
66,3640.127273030169,556.7485685128279,2.0,27.284411254715437
67,8432.944866898933,1123.8426237813512,3.0,23.59580335276032
68,1282.0233349467483,111.45011711265424,2.0,22.785856492902248
69,5817.670949657408,6323.470181629082,2.0,22.402389121711153
70,9565.095214432287,1579.3223211101265,2.0,20.915318064847156
71,758.0584366468461,5829.500253604308,2.0,20.286928180945132
72,9533.176190500928,1225.6708621865096,2.0,20.136962772598793
73,5266.0269289820335,467.57830100432966,2.0,19.927437885368914
74,7493.274264870403,5249.664982166301,2.0,19.506706313956467
75,2003.0993909847941,6013.389756610855,2.0,19.427875696084946
76,8916.870051282316,227.64739291177122,2.0,19.137702448191256
77,672.9902214541023,5647.496195245594,2.0,19.060750355227643
78,1608.888867356888,5993.298006979764,2.0,18.94716432403603
79,9122.057773903009,503.41931671453534,2.0,18.85955114789804
80,8254.124130986249,2707.3583786527397,2.0,18.480718729702794
81,766.967836049561,6045.464364277113,2.0,18.42100805340455
82,7376.949070200196,5815.879171683537,2.0,18.283727012282796
83,1386.2605757492865,4705.497214962477,2.0,18.235784263127336
84,8870.027634410475,685.6592573503813,2.0,18.06664483777203
85,9207.008008663479,4935.3576791328005,2.0,17.80311111170773
86,9252.911676966662,455.51872589803577,2.0,17.73978371777398
87,9445.923746250206,5821.433622485817,2.0,17.57765079593268
88,9400.878565451338,977.4115151591628,2.0,17.557502366548718
89,701.0359621721797,2079.3342551326778,2.0,17.480988752722947
90,8621.838412706584,3881.446929690214,2.0,17.33282493458826
91,2218.1611751827318,5123.371733143937,2.0,17.24999422741317
92,9400.926073469947,2493.466747906782,2.0,17.20439250898115
93,9139.048186227015,4753.615530971274,2.0,17.168243091135707
94,9337.978367456972,1889.5291084657395,2.0,17.13550577232016
95,9307.970186314707,855.4849851019336,2.0,17.097094726051257
96,9558.95316884872,1691.3877650798954,2.0,17.023342708382682
97,1492.0085774390532,4853.35903482492,2.0,17.019254534697932
98,7114.951420985444,4269.427857873895,2.0,16.884404235343485
99,962.0382918298562,5605.686805720313,2.0,16.761032073250192
100,8562.964421265888,2269.468757261903,2.0,16.66058668919751
101,8926.038787180505,4195.495318822594,2.0,16.624552666682384
102,633.0002218968771,3963.493142781323,2.0,16.571913412524687
103,1299.0378405983722,4973.365547114854,2.0,16.56915074275581
104,69.86107194033667,6007.395921370711,2.0,16.54962865519812
105,8108.827790209662,5827.566662601445,2.0,16.53771262136967
106,395.16739210625406,3565.4645113618662,2.0,16.486710421125608
107,8646.311960824589,715.2559822601817,2.0,16.485532133951782
108,7252.122991594997,871.6350138788214,2.0,16.441698882045834
109,8651.920331817833,47.48402851616763,2.0,16.438934599932523
110,9309.008422297818,97.69212960089341,2.0,16.327808271565345
111,6696.1192933095845,4655.163356029894,2.0,16.226499098936966
112,8310.090501932053,3351.516811379666,2.0,16.18217016234615
113,333.9251791261718,1111.5070618064522,2.0,16.123596993292693
114,9074.02076490964,571.8685361909825,2.0,16.07889755348987
115,46.05711485453297,1541.695521582079,2.0,16.057097794344713
116,406.89102969779697,649.4370657408962,2.0,15.976926356061538
117,212.01818387910293,3417.490539128442,2.0,15.932270497485014
118,7125.175843352581,5599.196192876912,2.0,15.919510621774762
119,9553.966614594761,6043.540760730886,2.0,15.913625694947122
120,3002.049066349053,5917.770174311278,2.0,15.870344584983945
121,9334.084486787611,359.52848168364886,2.0,15.670160004716992
122,4812.9228368982995,303.2171081939247,2.0,15.663506318280342
123,209.09759187362818,1183.6219472614923,2.0,15.6338466767972
124,9251.025478298137,2561.5168696979017,2.0,15.587637909677794
125,7014.889835933245,4571.328773382999,2.0,15.57818142178826
126,562.9298907112988,6269.507111352354,2.0,15.532141843858213
127,9561.960773442854,3661.5236646628277,2.0,15.441289384080132
128,2099.042191534627,5993.541984260605,2.0,15.410958138361751
129,8370.159657239587,5511.654792097472,2.0,15.363263285838292
130,8343.184705605272,2117.579462704187,2.0,15.343183310943738
131,8477.068614522359,5614.087881762308,2.0,15.266794337631556
132,8561.10207755304,413.46882036614596,2.0,15.246104718231392
133,7474.035670010217,489.74679565422355,2.0,15.177724160419608
134,8937.093774727256,4227.75025435641,2.0,15.153571401415157
135,1379.8953929605452,5825.259542558994,2.0,15.14854729199738
136,7983.1443256286775,465.4088926629389,2.0,15.146913540935671
137,214.02041044418155,95.44923699470033,2.0,15.042765596760686
138,8004.857041104941,6013.1308886119095,2.0,15.016542075974826
139,7779.85393648472,2611.7985804355103,2.0,15.00520714803317
140,8322.92921785005,1575.2458776369083,2.0,14.967404923468951
141,1662.8726026209754,4871.4214018542825,2.0,14.923806939321555
142,870.8167955433573,6115.534601978671,2.0,14.921720184477207
143,8822.920419497179,4653.505364143097,2.0,14.825511511672557
144,7541.178096682439,5985.752287189079,2.0,14.8181900515038
145,5582.152550901681,6373.693024459483,2.0,14.817987846481977
146,5387.979610695016,5707.562908273383,2.0,14.81384701830535
147,7152.92959164347,3005.349261197083,2.0,14.786104346251308
148,7539.036499933875,171.85280822502227,2.0,14.783928836253985
149,7664.89845105469,2667.535262858157,2.0,14.631046259919136
150,600.9070619245508,1875.8214921832193,2.0,14.568898832981711
151,1582.0561210018002,4439.508080703874,2.0,14.567333885800105
152,8949.98706312694,6215.339641912186,2.0,14.319256344173724
153,7940.8232616149435,4763.680070622552,2.0,14.270556145418062
154,7650.044176182887,41.34491639285154,2.0,14.241202785898176
155,674.9987946478731,2085.314153585202,2.0,14.142476474203944
156,2261.0406717792066,4759.337467004835,2.0,14.128743493523459
157,9421.012966811692,5551.245289780695,2.0,14.127343158949543
158,2972.6938635816264,87.80610865327797,2.0,14.122396874388802
159,9522.031712197822,4155.6028947835675,2.0,14.089281842669532
160,7396.024356687806,3255.4126571861466,2.0,14.078518305867117
161,9554.049819257556,2077.659262701337,2.0,14.068369489644558
162,8757.054857640242,4537.459599546276,2.0,14.038986890712424
163,8556.005375728708,4390.571804513563,2.0,14.028555199419216
164,8885.195942514278,1233.7255363319046,2.0,14.015091845813904
165,3743.7065412344255,5933.373467891777,2.0,14.003047653889533
166,9488.811113033235,2903.740160639979,2.0,13.989669851675222
167,347.8612425991208,6371.540931685585,2.0,13.970593194101347
168,4484.070898481076,6035.446852313624,2.0,13.967766508543011
169,9238.018397300704,573.7108466611078,2.0,13.965617793902908
170,855.0694861612891,2745.4453359036606,2.0,13.937485735034453
171,27.969337625110185,2283.2844901079916,2.0,13.929528277565712
172,681.7013098194593,4569.572473691167,2.0,13.888906719316884
173,8632.905679328525,6081.471410516677,2.0,13.870997510292115
174,8526.941173887957,75.46429085764382,2.0,13.865341903194304
175,7177.929562216531,2913.52564846416,2.0,13.834935579916506
176,382.0557573752011,5661.558657429026,2.0,13.80722390543698
177,3862.916480564671,6235.337417115785,2.0,13.797082013123294
178,7264.8895061267485,139.33875573945878,2.0,13.744359820469512
179,879.0389910461298,4653.371515238721,2.0,13.715877899410488
180,492.0626239296386,5089.50748325633,2.0,13.671470334343226
181,393.18434845520324,1255.5009122386714,2.0,13.665211545554778
182,8615.982343846337,1837.4831853632193,2.0,13.63401962575249
183,8515.07112119467,5263.340599999153,2.0,13.630095816938873
184,6484.944941488908,113.39931607083003,2.0,13.599126218992943
185,8441.059389205604,5681.2782835318485,2.0,13.584589615283475
186,7940.007586001451,477.16010946819654,2.0,13.540333824328695
187,1108.073806324974,5569.592518982822,2.0,13.5385955989429
188,7186.961381164653,5131.192538165936,2.0,13.4925414261936
189,9436.187256162739,2407.2642488420847,2.0,13.434677006743797
190,9420.056015684011,4733.540629523422,2.0,13.416279190240935
191,8164.16020295211,837.5739652585078,2.0,13.385761717517655
192,9241.090510186832,6279.265785837611,2.0,13.37214299305423
193,7973.754805657829,1777.5365999650378,2.0,13.353729606879282
194,161.9441746657006,1557.4637522079418,2.0,13.334556686809606
195,7942.977193640611,1897.3327290111179,2.0,13.256541711691524
196,252.1016712511369,345.23795909366436,2.0,13.175588133827409
197,1670.9003390561663,2457.5557098613685,2.0,13.17440030777204
198,1589.9049678189217,5871.3146801106905,2.0,13.163083777269897
199,7075.836929636644,5835.297328479203,2.0,13.15946981412003
200,1436.9751773528237,2969.4367306009685,2.0,13.156803739817073
201,8765.903429933798,2297.383637927241,2.0,13.155538350713725
202,8863.832101039758,6297.680659278285,2.0,13.123131218697598
203,755.9313620968207,3617.442679754908,2.0,13.103574910257846
204,7049.090368171401,2485.6421100507137,2.0,13.073079290092984
205,6886.944594662794,1517.613981226752,2.0,13.061438511367765
206,3957.0403212156807,6015.784295029614,2.0,13.051056017687962
207,7494.91692613977,45.458617740186135,2.0,13.04905875237782
208,5831.8833269264005,5842.261440253732,2.0,12.9498570479227
209,7306.958045991136,1385.391159427846,2.0,12.87650552402058
210,788.9464131273787,6073.570558950692,2.0,12.719111619475543
211,6920.092815767629,5667.525597088997,2.0,12.631303988120969
212,1549.0171112044254,5119.403877217202,2.0,12.607769631563828
213,8939.036878739302,5523.5601776108915,2.0,12.517058494056867
214,436.7686874805342,4019.1568798890994,2.0,12.464236477422382
215,7623.910773519714,5363.396911719477,2.0,12.43505771447035
216,8608.714687699166,857.5467507819504,2.0,12.405379981902371
217,9204.142847112484,6005.598796994885,2.0,12.355158706969505
218,8278.948162281435,6063.611675564252,2.0,12.334097627226122
219,6729.884392083935,5297.662289272747,2.0,12.27819667903477
220,9132.980294105944,5485.244970647087,2.0,12.105415082577036
221,329.0126735315164,5755.436630148063,2.0,12.10057369681789
222,9368.929951903248,5993.576802720013,2.0,11.978749404069983
223,8221.855415415173,1419.25337560102,2.0,11.793141247246124
224,3223.114029853147,4475.406455151505,2.0,11.7389520030619
225,8383.998315737288,141.52427516171298,2.0,11.734369454033995
226,243.9629230835691,1309.510510013044,2.0,11.720253663408274
227,5092.938769988128,323.4203181495011,2.0,11.48758317824749
228,9304.037860531475,5935.455205273792,2.0,11.439403537321473
229,5758.109912212395,1565.6633267369612,2.0,11.297102893990274
230,1526.2007855027712,1283.5042593735498,2.0,11.223436411347857
231,515.9003528801395,2279.544193777202,2.0,11.183752069562706
232,430.9501378093739,4419.533608525897,2.0,11.137474423127708
233,1077.1168637989863,3987.509184413625,2.0,11.11813020232241
234,9008.14419263102,2047.3461483568333,2.0,11.107346348449743
235,8768.024200948266,5663.550212535099,2.0,11.04833325082733
236,518.9865587092337,3029.5475881036705,2.0,11.002629857773451
237,1827.1686120492488,4893.508757015351,2.0,10.928312974440244
238,8879.031433085958,195.62296951558352,2.0,10.901612052968476
239,9417.090599926303,5209.476447215444,2.0,10.817773510013431
240,9084.972082359813,3407.406032839906,2.0,10.77762303190965
241,6941.027839447313,3333.4041875764033,2.0,10.684334346039767
242,8346.023003779332,2765.391058251785,2.0,10.654773291362464
243,7644.927893979631,6177.35240185829,2.0,10.464304055731132
244,385.88280184330995,927.6170237496063,2.0,10.377414190902805
245,7094.108464844376,5499.352090325163,2.0,9.85083713093847
246,7052.829819179462,5.309656677531963,2.0,0.0
