,px,py,px_dist,py_dist,ID,RA(catalog),DEC(catalog),RA(obs),DEC(obs),magV,"error("")",flag_is_double,flag_missing_pm,flag_is_outlier
0,906.4950441627834,3476.359558358587,901.6384604746513,3476.465615136687,gaia:4005303195341066240,176.05511949821562,25.218353771582553,176.0551326562697,25.218338359015004,5.4400535,0.07010778967228402,False,False,False
1,5829.0336143212035,4010.992632460089,5829.187198023315,4011.226642039218,gaia:4004753370808695168,178.85161478099792,25.522091282433827,178.85160393142021,25.5220909394988,6.59652,0.03526873743136646,False,False,False
2,6236.1775121581195,6262.152970004653,6237.320744746432,6265.211095073781,gaia:4007129484155346048,179.08481240543546,26.679481514156404,179.0848111415519,26.679476936066635,6.7094803,0.01697516284006963,False,False,False
3,2086.85246782226,539.4157788522598,2083.9055525633803,536.495399826933,gaia:4004194097346057728,176.75348885515555,23.72077463113893,176.75349563906332,23.720779118870336,6.8307886,0.027584913583990726,False,False,False
4,662.4401287011888,1131.353169658969,657.1633035362565,1128.8864781316624,gaia:4004885655800704896,175.94623423172254,24.010452664909412,175.94624899645922,24.010457328128904,7.101652,0.051374050663117905,True,False,False
5,2244.6538155689004,1905.1387459174168,2242.6034053482067,1904.0427167334512,gaia:4005003853301006848,176.83045731690015,24.4242162588106,176.8304145183144,24.42420154511368,7.475255,0.14995358195822167,True,False,False
6,9054.208722405683,1934.100617512882,9058.863284228004,1933.2051421185563,gaia:4002887121618245504,180.67467080428764,24.445872533069004,180.6746561143264,24.445881024392534,7.4202256,0.05702801015395418,False,False,False
7,8435.452641941421,1483.867897142641,8439.21425341087,1482.488423575918,gaia:4001377011117110784,180.32280502011136,24.217976670738558,180.3228214918259,24.217975211028378,7.7536383,0.05433414203754223,False,False,False
8,9066.062383493372,3646.959094335464,9070.770531697392,3647.7036553712146,gaia:4006092919567224960,180.69328320307653,25.326053278383938,180.69327866097035,25.326056516712505,7.8511844,0.01882437228279617,False,False,False
9,7002.928644910208,3264.087652980362,7003.9095939135095,3264.289180061486,gaia:4006028185820957312,179.51835816966602,25.13780575962826,179.51836113632535,25.137795705217773,8.120489,0.037464925997582596,False,False,False
10,7514.75811312713,2274.601815318548,7516.646176046172,2274.1954125002285,gaia:4004452860536251648,179.8058915560356,24.628174875505586,179.80591437645225,24.62816409533548,8.258394,0.08416190696664662,False,False,False
11,9079.81990857765,2693.665207916731,9084.541579303856,2693.5006491361955,gaia:4002968107521561600,180.69437213705362,24.836091588894973,180.69435104043725,24.836066450183342,8.193013,0.11375677322816408,False,False,False
12,1475.2104165726969,3255.269657986766,1471.746705803509,3255.156437418365,gaia:4005104282520040064,176.3810889750535,25.110786094680343,176.3810859746512,25.11078204806257,8.2509165,0.017546551641488172,False,False,False
13,6097.9879676178,3944.678907943648,6098.2492681814,3944.9556872946187,gaia:4004750999986749568,179.00472137151664,25.488139250916813,179.00469246954003,25.488148818703117,8.500068,0.10003740345910236,False,False,False
14,8451.155803669302,4399.487663289022,8454.853630399528,4400.891353066502,gaia:4006164697061764864,180.3477560085146,25.71628040329294,180.3477615566676,25.716293072982303,8.695113,0.049032386057235755,True,False,False
15,7465.825010705875,869.3076868687422,7468.208374227603,867.4259919547726,gaia:4001388281110523520,179.77433837109007,23.906013086564,179.77434262919516,23.906005809077193,8.690912,0.029711620687207764,False,False,False
16,5649.177439959702,4473.434411067355,5649.347784965392,4473.833961340801,gaia:4004820063060838912,178.74878976833196,25.759482165071752,178.74878739879685,25.759474259003607,9.022675,0.029480494314991633,False,False,False
17,90.44777675166188,944.0514444027895,84.90839779456292,941.6942806374368,gaia:4004906065485481344,175.62724950237396,23.907381580742467,175.62723914857963,23.90735531583568,8.891636,0.10050644388762726,False,False,False
18,5454.6514872739035,680.7818107697226,5454.990759675106,679.2987973825061,gaia:4004292915953815936,178.64394070400505,23.810937887996182,178.6439386545548,23.810925224408486,9.068102,0.046085920268085875,False,False,False
19,1631.9192763091514,2688.5951059690556,1628.8072126604493,2687.9910742841043,gaia:4005078963688883584,176.4762079521615,24.821153628777456,176.47614776904408,24.821162856142863,9.030977,0.19943079798768512,False,False,False
20,6924.111251407856,2929.282131376743,6925.005238381287,2929.33755611621,gaia:4004524702453886336,179.47298464836874,24.965932650333897,179.4729627454705,24.965959648981887,9.53974,0.1206509410071777,False,False,False
21,4878.471930573841,6365.161976989748,4878.425923522418,6368.089117928636,gaia:4007177003673452928,178.30365504004595,26.73061490578308,178.30364108778687,26.73066177543757,9.244846,0.17459242477599324,False,False,False
22,2376.9207329384035,5771.454692071387,2374.2979185865283,5774.019823465713,gaia:4005884802632303232,176.86980168388857,26.41209653460822,176.8697995138055,26.41208277120537,9.261722,0.05003983212926947,False,False,False
23,4363.7666050852795,4414.187778731801,4363.672398619985,4414.420622745404,gaia:4005546668447216896,178.01607744622572,25.725897975145646,178.01608064053755,25.725894707756883,9.359977,0.015674250949181307,False,False,False
24,7891.524700106241,5026.552285827765,7894.384612317845,5028.4722819182225,gaia:4006375116099280640,180.03118776075343,26.041015983455903,180.03119526616487,26.041024837126773,9.177882,0.040065552323994204,False,False,False
25,9494.931960401458,3223.9288821059613,9500.135483374776,3224.3057142958837,gaia:4003072286247641728,180.93369756875148,25.105726027700005,180.93371032220122,25.10573895136573,9.62587,0.06239444435907676,False,False,False
26,7844.698351131086,948.069998628424,7847.637536583638,946.1713919706149,gaia:4001342651378719488,179.98770907859472,23.945177484168106,179.98773345728208,23.945182407875183,9.327432,0.08214504994523919,True,False,False
27,2573.2982341136963,1983.6657112695032,2571.8270985531813,1982.7895035750016,gaia:4005010690888725888,177.01541133470653,24.467248743178565,177.01540394015382,24.46724322543073,9.416819,0.03133143624937347,True,False,False
28,6527.949689937802,280.2650497098143,6529.363649865475,277.82580059883867,gaia:4001292314362192000,179.24659666316046,23.605053896762055,179.24659691006013,23.6050561793857,9.32563,0.008257709261546066,False,False,False
29,1064.952704627306,1232.758121510293,1060.3242721265328,1230.4202149574746,gaia:4004888576378460032,176.1716242050844,24.06708484159643,176.17164708181826,24.067102442896516,9.378287,0.09833440662322471,False,False,False
30,6659.048959442831,2200.98862377929,6659.793386077385,2200.7320236838787,gaia:4004438635604502016,179.32186737402418,24.59224947770035,179.3218429965161,24.592244486121537,9.469274,0.08179687904824383,False,False,False
31,1431.2534559743222,357.5106605566775,1427.1950604879735,354.128112472667,gaia:4004107373366340480,176.38717436586722,23.621075198521485,176.38716876690486,23.621061642977313,9.419081,0.0521774266619849,False,True,False
32,7484.615732458862,2361.929227330191,7486.428531367985,2361.595091652288,gaia:4004454681602385664,179.78907247944767,24.673142521488483,179.7891215748666,24.673129482685965,9.176466,0.1673263699253117,False,False,False
33,6301.499004375023,2970.511961082712,6301.813895926173,2970.5815007611045,gaia:4004533601626123264,179.12003309274164,24.98780722864808,179.1200189107555,24.98781232499864,9.658062,0.04978052321801455,False,False,False
34,2581.5201112814466,1543.3812139450174,2579.875770553263,1542.094904450839,gaia:4004247110126979200,177.02354243109153,24.24105234807883,177.02353921910688,24.241051237986607,9.621505,0.01127553577562439,False,False,False
35,4702.802263417681,381.47826599956807,4702.692806963692,379.48245842854203,gaia:4003958149022588288,178.22270647078545,23.655338609466195,178.2227166098409,23.655331044364097,9.569359,0.043122157155031524,True,False,False
36,9142.454482478484,1411.999180444818,9147.088672340258,1410.6478950023584,gaia:4002862451326091392,180.7208506593244,24.177006209360247,180.72083907044902,24.17702508175713,9.518778,0.07787507938152198,False,False,False
37,1811.9270800654258,2285.146680902983,1809.1399760901918,2284.2281502331766,gaia:4005024778381497216,176.58225566146004,24.615583837328597,176.5822163913327,24.615584416431574,9.674749,0.12854183936958155,False,False,False
38,1965.4368872251462,1042.1601024799434,1962.4908316739397,1039.9114240100016,gaia:4004213918619664896,176.68070004661402,23.978167133034113,176.68069455802544,23.978166530385764,9.582623,0.018183621998004846,False,False,False
39,6109.075892810391,24.124005193280937,6110.136842878472,21.3394072657602,gaia:4001266991234980992,179.01173945664505,23.473534985936123,179.01173333182643,23.473550017300155,9.558807,0.05776887477509849,False,False,False
40,4506.107150665998,3859.259879164777,4506.0866502890585,3859.294871882796,gaia:4004787799266464128,178.09938090658628,25.44139700595665,178.09939031045718,25.44138622480647,9.7387085,0.04940612938039307,False,False,False
41,6630.597865472832,4593.563535464905,6631.449199653198,4594.408723405091,gaia:4006266539326294784,179.30885270361648,25.821335631898773,179.3088570104765,25.821318442764667,9.795948,0.06343525751838439,False,False,False
42,7404.300916895831,5964.14817717299,7406.759764989683,5967.194541281056,gaia:4006454688958014720,179.75575699536824,26.52463679339884,179.75575412283172,26.524640242502507,9.709943,0.01548508214363073,False,False,False
43,8380.99307541249,738.4397929696229,8384.741094261277,736.2342962712696,gaia:4001348904851138432,180.28845740876,23.835075215676586,180.288433485649,23.835091031450652,9.544719,0.0971996112076732,False,False,False
44,4700.428732749442,624.6163516434194,4700.335157985978,623.0392125545036,gaia:4004335418950143488,178.22060134217116,23.78038054487134,178.22059817564016,23.78037718344874,9.700233,0.015976759267735396,False,False,False
45,2706.0460145306233,6135.267157519187,2703.741220099909,6138.322246442565,gaia:4005893697509091968,177.05553145122013,26.601662027115,177.05552712315628,26.60167870221799,9.6984,0.06162577406051245,False,False,False
46,804.8577527759971,3094.553482127695,799.7869223667913,3094.245933864773,gaia:4005264231397779456,176.00216440654904,25.020999440962168,176.00217877829442,25.020979433036928,9.692219,0.08594245635800526,False,False,False
47,1700.3261138540165,5778.386126204177,1696.5097797671792,5781.22624149908,gaia:4005804396549386240,176.48120743636366,26.4097786856461,176.48121402517125,26.40976360932665,9.706336,0.05828434994182686,True,False,False
48,7028.185117916794,2016.8079309305988,7029.422108193219,2016.3338229271249,gaia:4004445335753526144,179.53019197293622,24.496988145919907,179.53018185305018,24.49698186986098,9.752193,0.04011912400208938,False,False,False
49,5533.890514126349,4530.469041675796,5534.032812303028,4530.87446328756,gaia:4004821025133513344,178.68297222532294,25.788640218460994,178.6829690606792,25.78863240413488,9.86058,0.029943501123646753,False,False,False
50,7918.001085542263,6149.486266898551,7921.191601833309,6152.9592890161675,gaia:4006432771740237696,180.05186917099977,26.61830248579438,180.05185456731294,26.61827342584773,9.730437,0.11468901648979635,False,False,False
51,6863.477471184014,114.97978794227674,6865.351947368323,112.14818034101017,gaia:4001281491044638208,179.43462416806335,23.519551684729993,179.43461897791764,23.51956751428856,9.783014,0.059506018906163145,False,False,False
52,6854.212823050012,4607.1845786941585,6855.316906216247,4608.1449373497035,gaia:4006287223888794112,179.43657087745433,25.828045960157613,179.43657833515837,25.82806366734857,9.902847,0.06817274982044531,False,False,False
53,1851.7172401963544,2491.4101760166136,1849.0622480466182,2490.686651259409,gaia:4005027660303481728,176.60273917945943,24.721943995537238,176.60270339654716,24.721941877984236,9.8358965,0.11726008033121546,False,False,False
54,4043.772750019752,3658.1176792912047,4043.6963673934447,3658.1182777171443,gaia:4005530828607813120,177.83744863768243,25.33628331965857,177.8374857507033,25.336261115884128,9.876019,0.144814580659019,True,False,False
55,5461.90663909505,2653.139139583644,5461.93882901744,2653.1518633463484,gaia:4004689427335939968,178.64474948202715,24.824402439715467,178.64474036330364,24.82441494539672,9.935874,0.05398638843622436,False,False,False
56,5261.359853757593,2392.557702905005,5261.385742286526,2392.5239070796038,gaia:4004686609837020800,178.53181593365184,24.69026711980536,178.53180961348295,24.690272465526036,9.643149,0.02824373422355206,False,False,False
57,6447.818127761629,2438.2029963936093,6448.310941637787,2438.1001384485116,gaia:4004513711632839168,179.20263019945963,24.71431339236197,179.20259855125428,24.714323864097754,9.851844,0.11014954265619226,False,False,False
58,8228.476208010075,3747.028668344077,8231.627562223926,3747.7503896616317,gaia:4006012208542668288,180.2171381064987,25.382018625131394,180.21713583543658,25.382029201019396,9.847347,0.03878311905902052,False,False,False
59,7934.767353522157,4774.530877492376,7937.613902593754,4776.171226177523,gaia:4006185312904766208,180.0546855657416,25.911304880634557,180.05472243805184,25.91131432463469,9.929923,0.12414237328321655,False,False,False
60,988.7136933878096,1857.7688342617068,983.9973523239141,1856.1475419180122,gaia:4005038350478168576,176.1213395698984,24.38746593916828,176.12138611537438,24.387485162799102,9.710286,0.16757078206415443,False,False,False
61,7945.802474822003,1901.9476581178624,7948.579986155326,1901.1040008852833,gaia:4001442775656313856,180.04829200772824,24.435106484144388,180.04832051961586,24.435098582122333,9.918041,0.09768308950805585,False,False,False
62,4473.100153259988,1990.9996597738009,4473.042644039894,1990.773971619805,gaia:4004597411955395840,178.08784556561298,24.48189654394968,178.08785865002702,24.481892340944004,10.006698,0.04546078700363166,False,False,False
63,5724.864548502159,2399.465022681156,5724.977643022639,2399.422364190244,gaia:4004499143102888448,178.79380411915932,24.694444321444756,178.79378715584176,24.694428653255674,10.105194,0.07911993503277183,False,False,False
64,2652.752398939054,1994.761991656084,2651.4038174002544,1993.9300987609986,gaia:4004260136763237632,177.06020564007045,24.473568645803944,177.06020003940878,24.473559778473962,9.982974,0.03682108458777034,False,False,False
65,5271.855902788211,5714.547555367289,5272.063747393817,5716.2486225999855,gaia:4007108696513564288,178.53122893284478,26.396863906716707,178.53123017308755,26.39686321920668,9.942141,0.0047032535474098875,False,False,False
66,4867.42895641798,4159.314349010931,4867.426352557689,4159.44194506337,gaia:4004814015746852480,178.3039570069326,25.59660911752294,178.30395023421332,25.596607548709198,10.067468,0.022702625399687617,False,False,False
67,6329.569675119085,3857.699846393582,6329.957331426224,3858.0042778828156,gaia:4006239188974536576,179.13645765835864,25.44345422358241,179.13644125921948,25.443450961093262,10.035486,0.05458933739541118,False,False,False
68,720.6741602256911,1264.2056380497022,715.4541016157541,1261.8774104658878,gaia:4004887133269452288,175.9773390724729,24.07938774913888,175.97737564480204,24.07940133334158,9.885994,0.12977048827944085,False,False,False
69,5782.333149554504,4952.629814976016,5782.6688698223825,4953.452284298026,gaia:4006328489934501248,178.82446851639713,26.005849839960092,178.82444974811497,26.005850090196976,10.112985,0.060731410213404655,False,False,False
70,1066.365606504055,5794.14129081081,1061.5081713223758,5797.030548296907,gaia:4017811029164564992,176.11705212109672,26.41132940184104,176.11705959459525,26.411329865545227,10.010628,0.024154150222022927,False,False,False
71,6199.81095772744,4339.341485608647,6200.219926745422,4339.832217349617,gaia:4006258945824064512,179.06282161857123,25.69089765875226,179.06280480737735,25.69089127692041,10.067895,0.059179253124008555,False,False,False
72,5265.68854760918,2380.919071302927,5265.715658823821,2380.882769097767,gaia:4004686403678590336,178.53428596473748,24.684293884577183,178.53427995063043,24.684303179557634,9.798373,0.038816283052880096,False,False,False
73,4606.288856758571,5298.693163121958,4606.156619537061,5299.715558117283,gaia:4005597795737934592,178.1510646133901,26.18130219934126,178.1510546936811,26.181297972052402,10.180702,0.03547690979850579,False,False,False
74,5066.532882602801,5774.937365259979,5066.6208675212765,5776.708573,gaia:4007104126668721536,178.41329219822458,26.42748616498242,178.413315679162,26.427485351248155,10.162692,0.07575436962068387,False,False,False
75,4845.825836351661,5730.964351564578,4845.782066994341,5732.640937322698,gaia:4007151440028089088,178.28683359623614,26.404303589245075,178.28682974089068,26.404303634520552,10.099025,0.012432406686848843,False,False,False
76,2513.183334077695,4658.9661870671525,2511.4239136987662,4659.908085313105,gaia:4005715546561161984,176.95837582977757,25.8411766061,176.95834790819038,25.84120252478682,10.214244,0.12996321286874937,False,False,False
77,9356.743842355168,3938.910691680673,9361.797147378762,3939.944267948852,gaia:4006101681301651584,180.86089650585043,25.474132741539563,180.86089095683232,25.47414210691577,10.063812,0.03823562045965401,False,False,False
78,1989.495597850876,803.8398919905267,1986.4902612998335,801.267451205978,gaia:4004210796178909696,176.69644415145913,23.8558994552638,176.6964089576992,23.855862627280345,9.7107315,0.17608025029151178,False,False,False
79,4070.9047387923006,3380.235767666177,4070.8519262780924,3380.2005240000763,gaia:4004684342093445120,177.85424073742772,25.19369275489949,177.8542676531844,25.193688599534614,10.310526,0.08894629940610482,False,False,False
80,7048.6966513774605,5587.409053732617,7050.500635185311,5589.6763622365015,gaia:4006352026355373312,179.55033448378336,26.33166945839611,179.55034696405465,26.331673878054097,10.234061,0.043296657937838844,False,False,False
81,478.72356969840985,400.32781563114077,473.7309685140608,397.32425786414433,gaia:4004840399729332864,175.8524409117366,23.63276668496435,175.85244079695406,23.632756212090914,10.082869,0.037704244810362955,False,False,False
82,6198.0985797588255,2559.074672698973,6198.394261992382,2559.04216298126,gaia:4004503541150230016,179.0613668108444,24.776531036798335,179.061358766624,24.77653680646663,10.320028,0.03350780908606592,False,False,False
83,6495.535336441448,1442.7291773081668,6496.396821082115,1441.9353773407836,gaia:4004411731929387904,179.22897285027435,24.20280757570874,179.22896706544026,24.2028015141605,10.231649,0.028930700543331803,False,False,False
84,5240.96676350959,4353.96101276982,5241.017707546427,4354.210079652383,gaia:4004818619952180608,178.5162487880936,25.69746840391768,178.51624341646647,25.697465054956954,10.358927,0.021189464416079846,False,False,False
85,3259.6285131697796,5419.646590772424,3258.4712077175745,5421.198594914867,gaia:4005821786872153344,177.37915506451404,26.237282341892804,177.37916205413006,26.237286032374644,10.286357,0.026190107918742794,False,False,False
86,9099.815673071002,1818.819484632484,9104.508002610663,1817.8237433823763,gaia:4002883685644407552,180.69963994889545,24.386339733815344,180.69961476627742,24.38635133715046,10.179828,0.09253413666409259,False,False,False
87,119.64917571722617,3632.869920970935,113.26291013895661,3633.085258003842,gaia:4005333943011597568,175.60561223174946,25.289199623757312,175.60558152129965,25.289203926010224,10.23865,0.1011548635496307,False,False,False
88,1078.2135526201214,4091.196857839275,1073.6659612395829,4091.968466746075,gaia:4005317278538492928,176.145250582386,25.53620961123888,176.14527281975558,25.53619966562284,10.228143,0.08062089517834421,False,False,False
89,3383.576015827509,3100.567388976211,3383.2249014253957,3100.451649922612,gaia:4005425580433560704,177.46590628922743,25.046520969613972,177.46592786655543,25.046525392845385,10.354943,0.07215289155550195,False,False,False
90,8145.357334165649,4034.806433264292,8148.39203960606,4035.7676592911284,gaia:4006067493361705472,180.17124530331705,25.530270142361832,180.17127034404828,25.53028140647869,10.398504,0.09089168061233333,False,False,False
91,7333.063875925865,5234.080336435251,7335.104289520071,5235.99472471361,gaia:4006299043638846336,179.71223084702444,26.149382458541936,179.71224973804232,26.149405623241726,10.415016,0.10334944679371963,False,False,False
92,4178.879287044802,551.1677621461104,4178.445962283504,549.3449513952569,gaia:4003973782703747328,177.9281840621636,23.740764179806742,177.92810550728146,23.740680045747883,10.422427,0.3984339863651925,False,True,False
93,4978.656622246891,2685.957682320984,4978.656753727815,2685.954693983601,gaia:4004703927145131392,178.37125109074063,24.84032148812527,178.37124859680424,24.840332948026596,10.469292,0.042052472643357396,False,False,False
94,7267.924681330716,6095.603487519562,7270.244178937617,6098.812610391264,gaia:4006458816421880448,179.67782016089785,26.59259137981794,179.67783023434632,26.592585315174592,10.398269,0.03909281088606195,False,False,False
95,6018.522967094686,1680.2775578221692,6018.92303959145,1679.8333659363097,gaia:4004474266653482752,178.96010691364617,24.32510954855001,178.96010704851412,24.32510259516966,10.363823,0.02503607860607859,False,False,False
96,8980.564514250344,335.5727111615811,8984.497174610218,333.3666436463068,gaia:4001151851751424384,180.6225616822437,23.62497003530268,180.6225746926979,23.624952877386637,10.289828,0.07521166641573322,False,False,False
97,8387.105417357052,788.3868176758156,8390.862043958365,786.2368809703994,gaia:4001349007930354304,180.2921402340694,23.860720929942044,180.2921156757091,23.860734340963745,10.274551,0.09417147346620022,False,False,False
98,2631.6843892213337,6296.85778027551,2629.184780511339,6300.24606815494,gaia:4005897408360834304,177.0112833561538,26.684268134450697,177.0112923064334,26.68424897927786,10.293724,0.07472693934856012,False,False,False
99,6683.923676370743,3452.0220894247104,6684.553939971054,3452.257861721765,gaia:4004543364087025792,179.3375176209316,25.234818960906267,179.3374921581234,25.2348145463945,10.493147,0.08442747453194623,False,False,False
100,3219.219320467318,1742.0148458382143,3218.458244413021,1741.2381949334845,gaia:4004243472290129408,177.38177636246644,24.34769426200021,177.38177178938525,24.347684077642175,10.450687,0.039613031280724645,False,False,False
101,6283.314660692132,5081.587441056222,6284.034850050162,5082.7549474280095,gaia:4006321068231044352,179.11097017501726,26.07232314222484,179.11095054185716,26.07232419938166,10.483542,0.06360100870109818,False,False,False
102,6133.798257436215,1209.4137205326558,6134.4399044378915,1208.4895291676578,gaia:4004326897735355136,179.0252230405864,24.083090806222394,179.02522111370013,24.083097084480848,10.445916,0.023472213235751004,False,False,False
103,5252.41337699074,2034.8959422199964,5252.465829091001,2034.749607131429,gaia:4004401252209153536,178.52750183593517,24.50654723217667,178.52750046135054,24.50655645476814,10.521793,0.03350526367222949,False,False,False
104,1601.9400991029756,4921.024623408864,1598.2913736713026,4922.670530131928,gaia:4005752792517543296,176.43456041906245,25.96804797964448,176.4345775202103,25.96806419000655,10.42616,0.08043029783278406,False,False,False
105,9293.889025609617,4967.58698191526,9298.651601125324,4969.577100280791,gaia:4006153083470234496,180.8331506726971,26.003209032608297,180.83314707533438,26.00320038479961,10.39021,0.03323682855835765,False,False,False
106,2312.8950769940266,3829.753807438171,2311.1197198648297,3830.033277404669,gaia:4005487565401567488,176.85178965148856,25.413536863394548,176.8517561266637,25.413548930931007,10.547801,0.11734838895926186,False,False,False
107,6441.975108921703,4482.203902786967,6442.610064023095,4482.8803806697815,gaia:4006264615180942592,179.20103893087648,25.76422638074723,179.2010413950122,25.764228779013177,10.553325,0.01176292786173285,False,False,False
108,2886.038962940712,3373.901154414886,2885.2045642597486,3373.8576683169395,gaia:4005422384977889024,177.1816200647031,25.183700067466162,177.18160099778993,25.183701498368258,10.588357,0.06232967096676102,False,False,False
109,1662.3614533817072,3996.611077432315,1659.202299035715,3997.1762336787733,gaia:4005677402956039296,176.47942879760984,25.49355377749948,176.47943235483578,25.493544026087257,10.516332,0.03695917520321551,True,False,False
110,2707.1000114782746,449.0652479172336,2705.082229537617,446.33318723497496,gaia:4004143829048830336,177.10255070191806,23.679408440830095,177.1025308826966,23.679410138239952,10.507227,0.06562720083650657,False,False,False
111,3558.3627470921415,4468.646859909153,3557.8995538932295,4469.042467488768,gaia:4005601918906505344,177.5564982053527,25.750179902897113,177.55651936362463,25.750186956887433,10.523067,0.0731549077091036,False,False,False
112,1852.1627767976952,1832.481004312038,1849.320492186569,1831.1325670269523,gaia:4004983508039683584,176.6095121223549,24.383298666270203,176.60938733688877,24.383345351620452,10.756206,0.44233146539688145,True,False,False
113,4767.260090881349,3584.4087943043833,4767.258474135642,3584.4208037504195,gaia:4004782026830813824,178.24876773344243,25.30110275170178,178.2487711745503,25.301084785115325,10.605472,0.06564219292507589,False,False,False
114,2690.978723273554,2404.220200133399,2689.8110090230375,2403.688047967524,gaia:4005014917136548864,177.07860836664722,24.684225148743863,177.07859627144526,24.684214165744635,10.597697,0.055934080005494734,False,False,False
115,5420.165083177718,454.8026256926905,5420.52518814875,452.94936236015064,gaia:4004289651778944768,178.6249759428159,23.69467321349252,178.6249762048099,23.69465617073162,10.552608,0.06136001777082174,False,False,False
116,2236.5959439741127,1865.8641030119595,2234.5156377299777,1864.7268166898127,gaia:4005003608487263232,176.82622351018327,24.40394133614022,176.8262069457436,24.403950053117487,10.505815,0.06271935987822108,False,False,False
117,1502.0408281207192,4516.646375874093,1498.3404285488068,4517.820443955449,gaia:4005701665226872704,176.3821008559765,25.759238409475525,176.38209789408796,25.759243369054143,10.507977,0.020273241940154108,False,False,False
118,7433.389212807151,6337.467938452212,7435.995769478071,6341.139982281522,gaia:4006461427761999744,179.77388833212353,26.71656656112795,179.77387847374845,26.71655681297958,10.516933,0.04729178447389946,False,False,False
119,8742.458916668833,3156.234126114839,8746.6017626957,3156.484906344687,gaia:4002987348975034368,180.5060266608057,25.075819695222673,180.50603895680706,25.075812920274487,10.512179,0.04692919724158034,False,False,False
120,4652.747509196345,3331.1710108734096,4652.747791400195,3331.1636218460208,gaia:4004761892022144000,178.18462092625913,25.170708839783295,178.18461862130576,25.170705062222947,10.619302,0.015535038846656846,True,False,False
121,7310.438701133844,697.341215182782,7312.668838426015,695.2756933148803,gaia:4001381615322004352,179.68655386431226,23.818035945434406,179.68655077155202,23.818040826159823,10.53749,0.020309471483848048,False,False,False
122,3960.062892997404,5010.675063091039,3959.675280821675,5011.446698142947,gaia:4005616208261944320,177.78268659028458,26.030736751314347,177.78270315152153,26.030722258920168,10.6687975,0.07477963032512049,False,False,False
123,9349.34932564761,4305.625190557979,9354.342654897024,4307.001892833267,gaia:4006108381450623104,180.85958648299595,25.6626438406539,180.8595795007492,25.662643399467157,10.575414,0.02271225589230092,False,False,False
124,98.11213593238699,6381.692633505133,93.78361010156732,6383.751454442618,gaia:4017860992519744384,175.55343042810696,26.70084458265553,175.55347425969003,26.70081209610748,9.582008,0.183165128978657,False,False,False
125,8071.389744881197,5370.020786416414,8074.658133431274,5372.448048651113,gaia:4006384427588398336,180.13596322092283,26.21691326310991,180.13595398190992,26.216899496792703,10.659581,0.05784831572480879,False,False,False
126,7122.675694427053,4885.805417255682,7124.2481354265465,4887.180268234738,gaia:4006289354192619904,179.5907050408928,25.970802332979968,179.59071502835278,25.970820827183072,10.71968,0.07401097213323146,False,False,False
127,2148.687211337749,1570.7257870460342,2146.3215426198844,1569.2366464826382,gaia:4004977877338580864,176.7792004862307,24.251516905034425,176.7791881588815,24.251508367461614,10.684966,0.050811797925440466,False,False,False
128,6071.835855310013,3253.6932786743487,6072.017371735822,3253.804302596074,gaia:4004724130671373824,178.98983222931273,25.1332751273512,178.98981732864385,25.133272544524246,10.728349,0.04944578797631578,False,False,False
129,7821.356648728913,4033.802976344686,7823.766420621139,4034.6685372614515,gaia:4006065290042992256,179.98652762327913,25.53102248275485,179.98655373779104,25.531034710420826,10.670071,0.09557309397790581,False,False,False
130,3981.38654585316,1265.4210320986056,3981.023445723511,1264.5205323855291,gaia:4004549338385621376,177.81386747220193,24.107003707478132,177.81387391256754,24.107021637670933,10.6821575,0.06792948205714953,False,False,False
131,2835.070554815556,2728.970736420323,2834.156773806008,2728.649215836917,gaia:4005396653829544320,177.15766858410058,24.85209472791464,177.15765525421966,24.85208956953007,10.795397,0.04733822060613514,False,False,False
132,3913.731562482072,3879.1361741712462,3913.590913036473,3879.191606186854,gaia:4005535364093278848,177.76238235802055,25.44917396924116,177.76240980280843,25.44916852305602,10.702836,0.09134323442006426,False,False,False
133,6345.607941361346,2127.708335252336,6346.096798436851,2127.478111496256,gaia:4004483853020190208,179.14469394814253,24.554891690014475,179.14467090905396,24.55489674021392,10.7232485,0.0775996783770236,False,False,False
134,996.2599479373757,242.81407355638112,991.6855880335384,239.36672980010553,gaia:4004085795450653312,176.14446571020142,23.55760500284682,176.1444685816784,23.557602558202838,10.677067,0.012932257095813993,False,False,False
135,9123.843747343604,5883.719092753286,9127.992033449602,5886.512018998805,gaia:4006228365656976000,180.74276953538757,26.475130748587073,180.7427844369035,26.475112044670595,10.618239,0.08270283134282831,False,False,False
136,8217.279514399124,3924.64003379577,8220.435782883605,3925.518536390966,gaia:4006019424087727872,180.2116838306222,25.4733542706503,180.21169148200275,25.47335250365552,10.736673,0.025667919832119298,False,False,False
137,2342.51477866591,1111.895047361183,2340.2725046019686,1109.951210987253,gaia:4004207841241419136,176.8923726839809,24.01731292704172,176.89236202541397,24.017319223835774,10.778378,0.041740587399137025,False,False,False
138,679.0667230151939,1863.9735005060136,673.7255821834642,1862.3101954379174,gaia:4004948190524504448,175.9472551337892,24.386727838266946,175.94643602761664,24.3871379406489,10.931664,3.0647301620207412,False,False,True
139,6017.567473123266,5869.3381097378815,6018.359439499437,5871.550144554312,gaia:4007119760349382144,178.95900878835184,26.477352667424903,178.959011636224,26.477358760645725,10.778425,0.023777873369815166,False,False,False
140,7865.6198182674125,6205.705950599291,7868.749559000675,6209.253940670571,gaia:4006479775862325504,180.0220271293116,26.647398144024674,180.02200248753385,26.647381734881815,10.721547,0.0988745678159369,False,False,False
141,9295.148624821031,3823.29042949304,9300.150845389831,3824.215365325458,gaia:4006094976857188352,180.82489610999392,25.415134871519804,180.8249326683679,25.415155449257583,10.82132,0.1400666061801762,True,False,False
142,6613.714435947521,361.517158858584,6615.192520934737,359.18758146821983,gaia:4001298739633575040,179.29475229690314,23.64675307675418,179.29476662701143,23.64674703702765,10.786602,0.052018889002496044,False,False,False
143,9384.768134504411,2351.8575846395033,9389.809632860068,2351.42295042916,gaia:4002915330963452416,180.86445087073037,24.658381210555753,180.86444269232166,24.658387756973823,10.68949,0.03565628714706914,False,False,False
144,4169.425417018146,777.147908432285,4169.042844749055,775.6828763118656,gaia:4003979589499305728,177.92181033739,23.856843130951102,177.92182295803548,23.85685181603153,10.819231,0.05200172725240762,False,False,False
145,5405.555717126868,5980.791927258371,5405.890526208761,5983.003043199051,gaia:4007111651451429888,178.60750583424178,26.534052440748876,178.60750503731057,26.534053720413684,10.904364,0.005273596121267842,False,False,False
146,4101.12233249405,3814.5494152600586,4101.044525872491,3814.5787629932042,gaia:4005531687601273728,177.86929340505606,25.41685595280948,177.86930984163902,25.41684593240747,10.977935,0.0644794484463998,False,False,False
147,1964.853229766596,1637.815872640727,1962.1639465784183,1636.3085061068089,gaia:4004979079929492224,176.67488396820647,24.284335095751583,176.67485522588228,24.284343003190212,10.954284,0.09851901061081868,False,False,False
148,4546.37578939429,2943.7357377950148,4546.373720827488,2943.710928861674,gaia:4004662592379071488,178.12570735482782,24.97141927095259,178.12571220173095,24.971423473294596,11.020679,0.021887650704235907,False,False,False
149,8508.057623092396,6119.324164190551,8511.855321797771,6122.689609875922,gaia:4006423666409891328,180.3908722350384,26.600009987270774,180.3908780276901,26.600013869164407,10.866223,0.023301919477050854,False,False,False
150,4921.857482450379,407.84685948849074,4921.89195296706,405.9220529558711,gaia:4004286692545676672,178.3455138999116,23.6695109308861,178.34551474026236,23.66951251573871,10.871823,0.006342675259080102,False,False,False
151,6901.449370200964,986.7072210603528,6902.983123961401,985.2136916811683,gaia:4001400616257311104,179.45709085103508,23.967782246570657,179.45708590178214,23.967783170449366,10.960365,0.0166172454825485,False,False,False
152,9492.834793522432,3655.659685498853,9498.021718119788,3656.429341936371,gaia:4003088538404578432,180.9360043154403,25.327606592268065,180.9360261184987,25.327607491028512,10.933503,0.07101992282016784,False,False,False
153,9484.2343699006,4559.008422185476,9489.224438311116,4560.583135976774,gaia:4006133532779110144,180.9385486597251,25.791880810600933,180.93853510533359,25.79186436632915,10.931648,0.07372131729718932,False,False,False
154,1256.18116469682,4889.990878140159,1251.810616036209,4891.696171596643,gaia:4005754854101848192,176.23707693675362,25.948649961290677,176.2371106282522,25.948640195167158,10.994394,0.11458867345790703,False,False,False
155,7375.77098848207,1974.2529432608671,7377.531351269939,1973.6400126419765,gaia:4004442861852382976,179.72645211422193,24.474254888864476,179.72647697055874,24.474244031010304,11.050512,0.09033705950059363,False,False,False
156,7726.067013461654,3965.01945145289,7728.284115762162,3965.7988426234174,gaia:4006063713790701440,179.9319333348638,25.49601464439234,179.93194922558757,25.49601828914553,11.059343,0.053276578846124044,False,False,False
157,2767.0238777560576,4531.359091521865,2765.7105593376527,4532.068226217551,gaia:4005526155683491072,177.10446244993432,25.777474296328062,177.10445066033003,25.77748362464681,11.037522,0.050876784571236365,False,False,False
158,4029.623761132472,485.746358231318,4029.0620191822222,483.7586840990525,gaia:4003973920142472832,177.84462290532426,23.706372707698605,177.8446278057848,23.706366601105483,11.072239,0.02728011356077035,False,False,False
159,9182.77019374719,6329.402104768857,9186.343465775264,6332.2838865203,gaia:4006798496795726336,180.7798489409026,26.70356841163978,180.77986520489742,26.703585104094483,10.878371,0.07966821277479391,False,False,False
160,4530.573591992524,4644.15579793084,4530.491280624532,4644.524272667456,gaia:4005583089769895424,178.1102729816026,25.844638894838543,178.11027794504895,25.844640853577623,11.1616,0.017559271988816044,False,False,False
161,2529.406271855109,5412.929130762795,2527.24731247852,5414.839565734852,gaia:4005833297384502912,176.96069793276763,26.228908860298848,176.96069093229738,26.228902303475927,11.054186,0.032683992855622394,False,False,False
162,8101.418729515004,5181.6387288603855,8104.684986599607,5183.833087786392,gaia:4006377074604369408,180.1521683293071,26.11993317941068,180.1521667252749,26.119928796302467,11.044164,0.016609180395146868,False,False,False
163,6128.783380827656,4023.533095919986,6129.076025810543,4023.8473341123454,gaia:4004754126722942720,179.02225497025586,25.52864417309028,179.02223465987294,25.528655840531776,11.081815,0.07821414449294749,False,False,False
164,4272.635667199288,5658.277278973269,4272.251476999132,5659.869514676278,gaia:4005662392046070912,177.95839748895733,26.36501191594311,177.95838823164837,26.365001551847477,11.009384,0.04778807535909539,False,False,False
165,454.5060045782411,2372.3593875198867,448.7213669939065,2371.2369727554496,gaia:4005060645652312064,175.81293108787793,24.645708990584815,175.81294086474944,24.64570319196168,11.035327,0.03819890171478526,False,False,False
166,3694.877487571992,2649.8081346996646,3694.678009927661,2649.6339724253926,gaia:4004645240711172096,177.64499770022954,24.816788345851656,177.64501201909798,24.816787878501465,11.186621,0.04681794970480889,False,False,False
167,5219.925178823236,3566.463497680347,5219.930160803615,3566.513622835458,gaia:4004768248575367552,178.50590398839847,25.292978734351763,178.50589510409372,25.292981294474508,11.161362,0.030350594721455244,False,False,False
168,2660.0746087638254,979.6765732578779,2658.265011032987,977.740607471469,gaia:4004204783224733952,177.0721424933873,23.95191435318695,177.07213381792357,23.951895222126733,11.110157,0.07455189123501114,False,False,False
169,9565.459775857593,1040.2304557283423,9569.80658200841,1038.9654179584672,gaia:4002666051061795968,180.95588866163558,23.983247717986885,180.9558760928434,23.983262218774275,10.62532,0.06658999746019603,False,False,False
170,6660.160279521801,5560.184176914052,6661.467052674593,5562.196980519659,gaia:4006365456717537024,179.32744129639036,26.31819199120135,179.3274284863911,26.318197175679177,11.03409,0.04535420559076528,False,False,False
171,1474.092003421476,2147.230841485531,1470.5185780438405,2146.0652333840517,gaia:4005046592519325568,176.39250841571936,24.54140887919113,176.3924977880366,24.541407789963227,11.056965,0.03502353269230055,False,False,False
172,7988.736045473815,2388.0754478847175,7991.460689231899,2387.669583236989,gaia:4002950137378645632,180.0745510672527,24.684749880353646,180.07458950957343,24.684749694340482,11.069282,0.1257477567591898,False,False,False
173,4080.678867750648,5617.853396797218,4080.1739091007726,5619.418943538264,gaia:4005662804362929024,177.8485253410527,26.343420188583384,177.84852263554453,26.343423633303335,11.134452,0.015164719781796034,False,False,False
174,5859.3172136209905,1807.6868721293076,5859.595868557755,1807.364516128429,gaia:4004478561620417792,178.87025174016938,24.390520943024256,178.87024563206487,24.39052583600373,11.164137,0.026671083879458803,False,False,False
175,8502.80349722233,2947.164111666811,8506.482022146947,2947.212450096575,gaia:4005987091573935616,180.36873037219308,24.969684805734893,180.36873830166329,24.969668711664877,11.151847,0.06345513786763532,False,False,False
176,3017.7341655252712,5932.488854688056,3015.9883929885873,5935.019974081399,gaia:4005844670457881216,177.23638013134857,26.499515740307945,177.23639933122928,26.49951740092933,11.107768,0.06214595068316032,False,False,False
177,8554.73204806078,4199.896913592436,8558.590116944726,4201.118906844305,gaia:4006115906233280768,180.4056626293687,25.613169592504516,180.40566438236814,25.613186071506206,11.136333,0.05959671740799558,False,False,False
178,5770.496533790267,282.6925107313855,5771.165998471834,280.4735457995066,gaia:4004274361694474880,178.82174823794358,23.60648679135103,178.82174597567544,23.606481774080866,11.12362,0.019543108306502313,False,False,False
179,6336.719044056557,5903.1565118530425,6337.828318202246,5905.575286846939,gaia:4007121993731429376,179.14227456053416,26.494782529020533,179.14229129091794,26.49478125904091,11.140017,0.054097330160543466,False,False,False
180,1696.1120281967992,6028.953777636359,1692.2110559533476,6032.172509351536,gaia:4005810585597465088,176.47593987565958,26.538582264501752,176.47595239119042,26.53854745680737,11.069169,0.13163129639594032,False,False,False
181,6866.448714129983,5829.449396074386,6868.129601287501,5832.010569169462,gaia:4006368278511577216,179.4463729670131,26.456439679594215,179.4463733372767,26.45643831693731,11.132365,0.005048629411544415,False,False,False
182,4262.251869597206,3244.357964020545,4262.233135897706,3244.3220985358257,gaia:4004679978406671872,177.9634443069347,25.124738756610906,177.96345878849633,25.12472555742536,11.312966,0.0669761827351919,False,False,False
183,5017.438674370949,3345.124948622174,5017.436404985134,3345.145417056762,gaia:4004765534154502016,178.3914916270754,25.178881438201532,178.39147718828627,25.178886656568412,11.252605,0.05065322714971658,False,False,False
184,2135.852557497066,4452.5487472387495,2133.519951270226,4453.429148682198,gaia:4005710083362780672,176.74479526343455,25.732080799889168,176.7447940715082,25.732096581497736,11.206277,0.056945134181752705,False,False,False
185,5249.938378815344,4265.204474885861,5249.983795502573,4265.415289163423,gaia:4004812435198891008,178.52153464363053,25.651895540681092,178.5215337352181,25.651890038798793,11.289141,0.020024956957034396,False,False,False
186,440.73521474618065,2517.46972934445,434.91527045746716,2516.504066628274,gaia:4005249108817217536,175.80319691849374,24.720111050615994,175.80321696799717,24.720102711135596,11.095881,0.0721107083001655,False,False,False
187,6768.940763449712,4200.014733003945,6769.804352252764,4200.628317963796,gaia:4006248191225999360,179.38709868467618,25.618957582106454,179.3871071415247,25.618953652522194,11.253646,0.03088228199283986,True,False,False
188,333.28429146002964,2221.8993041911085,327.3134356496694,2220.611252284024,gaia:4004966057588453632,175.74641114254996,24.566892017876558,175.74640414827087,24.56689439157918,11.114192,0.024442507390368826,False,False,False
189,4902.267100937985,5275.387626031506,4902.263508999305,5276.384740280038,gaia:4005595558059814656,178.3205526456914,26.170203600826273,178.32054005006268,26.170191938488482,11.308426,0.05847093044830277,False,False,False
190,8107.401817995136,2484.4743018368617,8110.338872638611,2484.1350575223296,gaia:4002951752286349312,180.1421747223956,24.733785027261238,180.14220985346353,24.733782944444616,11.274944,0.11511398487202393,False,False,False
191,7166.117116757876,1856.019390178108,7167.606340478935,1855.3716858897978,gaia:4004440559749910528,179.60776461206484,24.414058049837575,179.60777170917115,24.414042720392427,11.305707,0.05988952349946799,False,False,False
192,146.14454325443603,1962.463246980325,139.99599696434325,1960.9224269538167,gaia:4004963411888608640,175.64432698883675,24.431210079686405,175.64427769971113,24.431234575233532,11.180562,0.1840533295870098,False,False,False
193,119.74282666276031,6044.192924535138,114.74658935605112,6046.381960595836,gaia:4017854288075504768,175.5706855141119,26.527887070818874,175.57067679725077,26.52792449387131,11.072848,0.13761756019648452,False,False,False
194,145.92326850549944,252.16655019962036,141.28034496429245,249.52858325495436,gaia:4004844248020025728,175.66815429403164,23.552770901623173,175.66813422494283,23.552781815993235,10.948468,0.07700800902369072,False,False,False
195,4762.249741734406,5943.12670818969,4762.140658175271,5945.184454752508,gaia:4007155253959052288,178.23818165356565,26.513190336651753,178.2381841422021,26.513195261161044,11.297183,0.019456633679076574,False,False,False
196,9154.428952069858,2522.0955194034855,9159.248648914909,2521.7757729094983,gaia:4002963022280308352,180.73541277835548,24.747426574244304,180.73539532033683,24.74741649990086,11.243769,0.06762484812706442,False,False,False
197,6168.437790967722,2495.119159382112,6168.726546114925,2495.069559453004,gaia:4004502922674938112,179.0445896197461,24.743695701598735,179.0445751158296,24.743694483208916,11.285441,0.04762270503242997,False,False,False
198,405.9739719693189,2400.5549175116635,400.10120090632154,2399.460472124418,gaia:4005248288479188864,175.78512377102876,24.659602973231596,175.78510623627926,24.659597212448645,11.233316,0.061001762778066466,False,False,False
199,472.1591919821094,4696.312238880978,466.345098775284,4697.785424249336,gaia:4005387170541612672,175.7914222774014,25.840172150164143,175.79142043680395,25.84015488877016,11.178628,0.06242652460823593,False,False,False
200,5974.67061292922,3253.55562548983,5974.810152882644,3253.6576669136384,gaia:4004727085608871936,178.9347958544088,25.133227408527116,178.9346861921668,25.133179145997453,11.626422,0.3974004862279101,True,False,False
201,2639.550343200357,4310.304881431553,2638.148388686482,4310.866353768974,gaia:4005518905778697472,177.0336032011827,25.66296872939207,177.03359655023704,25.66297677908189,11.295122,0.03613224731962927,False,False,False
202,1754.6535676299727,1550.3955349365046,1751.5049467717326,1548.6868644497276,gaia:4004979973282692608,176.557109984861,24.237436820345998,176.55708849771696,24.237442049503898,11.322846,0.07300401698126299,False,False,False
203,766.0085255657887,6086.1555799508515,760.9422528443733,6089.193042522451,gaia:4017828522567004288,175.9408735939908,26.55787790471369,175.9408356508948,26.557895316374424,11.178844,0.13732255393978232,False,False,False
204,7880.506692255024,5023.100040058629,7883.346418115098,5025.011111767601,gaia:4006375013020065408,180.02487684563738,26.039272044870735,180.02487169580724,26.039290412812104,10.925259,0.06819042540083074,False,False,False
205,9543.041699300647,3738.397296490009,9548.249286031441,3739.240792517318,gaia:4003097540656031872,180.9652255452763,25.369757570597407,180.96524486568495,25.369752643977947,11.197958,0.06530053532024382,False,False,False
206,991.1571292165504,3324.2149718806786,986.5152424301841,3324.1606734472903,gaia:4005288764250971008,176.10515928185328,25.141113164478885,176.10515774078036,25.141100607039547,11.25297,0.04548490312183303,False,False,False
207,9325.34285627316,4564.834853741015,9330.259901454403,4566.454868185791,gaia:4006122194065448064,180.84796324248907,25.79601248543153,180.8479389205961,25.796016188151928,11.258633,0.07995250692481717,False,False,False
208,8753.847091460422,2927.1119548781553,8758.015016885922,2927.1494227377398,gaia:4002983913001196416,180.51107546657835,24.958001181481894,180.5110712681683,24.958001764084294,11.36492,0.013862447605705167,False,False,False
209,8780.550382103896,2096.5434912210367,8784.812601161737,2095.7833373272465,gaia:4002935328331153280,180.52109896434453,24.530999064079662,180.52108676235798,24.53100515632451,11.323714,0.04558496641408183,False,False,False
210,4641.841314248202,737.7321136722594,4641.723969293104,736.324026016387,gaia:4004339610838225280,178.1873138298412,23.83836401660333,178.1873265014778,23.838362837781165,11.357787,0.04194144613424215,False,False,False
211,1778.7116358421672,1213.4387112498416,1775.4804671912634,1211.3244114450029,gaia:4004968905150825856,176.57393449600949,24.064459313051536,176.5739310849191,24.06447164198124,11.357208,0.04577855252118716,False,False,False
212,4931.780934205677,2650.4914164240313,4931.780676926638,2650.4820331618203,gaia:4004610056339121792,178.34482673994606,24.8219910353619,178.34482552454622,24.822003149178336,11.436168,0.043790180937452954,False,False,False
213,6933.824320140468,2025.8912381911664,6934.936397904499,2025.4511778318208,gaia:4004456743186663040,179.476885224244,24.50185669171301,179.47688565140655,24.501840035091853,11.463881,0.059980160829775656,False,False,False
214,2112.368171735774,4761.367215186262,2109.8405974751204,4762.60295431433,gaia:4005725644028931968,176.72824943513467,25.89060178495956,176.72826735125335,25.890615240623397,11.317193,0.07558632806363666,False,False,False
215,8916.846585704041,4131.7698906232545,8921.32965681514,4132.977990078736,gaia:4006112809560584960,180.61173339249558,25.57614185512292,180.61172468072067,25.576136139112386,11.396328,0.03498173300833033,False,False,False
216,1378.7850302947904,3523.764695492918,1375.0627014075994,3523.907244507264,gaia:4005294016995266432,176.3232240293881,25.247758097260323,176.32323228411755,25.247769458115762,11.419678,0.04894050456698841,False,False,False
217,6796.718323853209,5383.656356514048,6798.101886315596,5385.482051720688,gaia:4006352232513750912,179.40531776880002,26.22730665458602,179.40536411585157,26.227277950115674,11.614861,0.18187915256656165,False,False,False
218,9121.202375043327,157.58892413181457,9124.849824030269,155.52705241802914,gaia:4001138623251546368,180.700085035418,23.5327892630457,180.70008148946494,23.5327653428515,11.3049,0.0869044002380015,False,False,False
219,2193.0827900287472,1822.58419605722,2190.905712964437,1821.3837944121713,gaia:4005003200465766272,176.80205017330664,24.381350188254423,176.8020144584067,24.381334004408526,11.453838,0.13079961625197448,False,False,False
220,917.5022764907831,3492.690924100109,912.6701349242485,3492.8145991721317,gaia:4005303298420455936,176.06116129266937,25.226834027815507,176.06118872786772,25.22685459800459,10.707164,0.11604611424086464,False,False,False
221,7057.64836723287,437.98056167842697,7059.64350576161,435.6157109843093,gaia:4001285304975600512,179.54404252901816,23.6852967490849,179.54403486908328,23.685299433520452,11.390259,0.027038921396601075,False,False,False
222,1476.9993484994402,4060.186784259264,1473.3950937354211,4060.856848840071,gaia:4005688672950223744,176.37304465287926,25.524409428098842,176.373042418214,25.524409517511092,11.437882,0.007266769861077256,False,False,False
223,3143.208826806456,1240.7954881332137,3142.155965616086,1239.4804232275262,gaia:4004183583266142336,177.34220205672324,24.0895948493307,177.3422037240306,24.08959432108994,11.287919,0.005800160855542627,False,False,False
224,1699.198041247299,6343.502287968502,1695.2475637953107,6347.17729070663,gaia:4017915830662190080,176.47417479815005,26.70027792626398,176.47416381005596,26.700286614723844,11.336689,0.04719317508943085,False,False,False
225,8953.952870827763,509.9156740952235,8958.038806150122,507.76935753172893,gaia:4001153569738345088,180.6087950964479,23.714669700392108,180.6088133598141,23.714656848064518,11.311293,0.07592338726657706,False,False,False
226,5134.053890003112,4880.778753037544,5134.120269489656,4881.371289234884,gaia:4005577420413078016,178.45410218683205,25.96792355412906,178.45410518711225,25.967922606008997,11.512658,0.010292938244878652,True,False,False
227,6735.6645721983405,797.4003476544235,6737.086403629384,795.711540100408,gaia:4001306023897808896,179.3636344635956,23.87072637676252,179.36362844868626,23.870734496912075,11.394603,0.03530776348088147,False,False,False
228,4532.839425300001,522.0272417826873,4532.634823297821,520.2497099465645,gaia:4003962508414026496,178.1268916544253,23.727058390213728,178.12687941302144,23.72706634115714,11.497031,0.04946653623868726,False,False,False
229,8607.934900821767,3812.0121870465737,8611.847887877928,3812.8631294426373,gaia:4006016056833385984,180.43361146116234,25.41356808096038,180.4336048535585,25.413560553810072,11.406543,0.03458202966136692,False,False,False
230,351.9180489624341,989.3066290705501,346.39656183537045,986.803101655631,gaia:4004860916789088896,175.77350286075702,23.93380214836267,175.77347274239662,23.9338004440088,11.405271,0.09929281053470701,False,False,False
231,7100.076487474619,484.50054728498435,7102.108130453216,482.1932954359181,gaia:4001285442414554496,179.56796321061992,23.709125662342164,179.567938276747,23.709126795022865,11.474664,0.08228699926964654,False,False,False
232,9277.084610808104,2704.151670853058,9282.063056499215,2704.0203662564572,gaia:4002965290023044096,180.80617935822028,24.840161333163643,180.8061733058908,24.840161705610267,11.372878,0.019818004139475157,False,False,False
233,5456.1186846884675,2716.115702093484,5456.146277098065,2716.135971039465,gaia:4004692485352284672,178.64137510878678,24.8567444026041,178.64136480097824,24.856746195952127,11.511706,0.03428383760967852,False,False,False
234,2068.336351882949,4546.084457535087,2065.828796528769,4547.091409757659,gaia:4005711487816435456,176.70528755516082,25.779581076580133,176.70529071760973,25.779592547848075,11.47873,0.04255001980841843,False,False,False
235,2648.130690139003,2615.0486048707403,2646.946880229921,2614.6263300407018,gaia:4005394832763407488,177.0526760658836,24.792201173255446,177.05266239891586,24.79219334371933,11.516123,0.05281629090449158,False,False,False
236,7827.260792204807,540.05914066477,7830.290358272008,537.631013143297,gaia:4001335264034982912,179.97647932509196,23.73547836787541,179.97648470665493,23.735484016061868,11.493435,0.026981030430651084,False,False,False
237,1523.9022312637917,6320.975229789842,1519.7064547014202,6324.602694064974,gaia:4017825082297555456,176.3735701120818,26.686965177250652,176.3735567695327,26.686971032380427,11.436349,0.047813354838020586,False,False,False
238,4153.154258405784,5931.753188312228,4152.606172577769,5933.8550277979575,gaia:4005668679878205312,177.8885162634735,26.505186115701566,177.8884998933153,26.5051810704285,11.535029,0.055778427987100775,False,False,False
239,6519.999017638153,5127.618937013048,6520.957421244032,5128.957639831397,gaia:4006343951816800640,179.24644068592758,26.09589266248271,179.24643377319398,26.095896319528645,11.610846,0.025938440114505832,False,False,False
240,2499.9825875545544,2942.823706040092,2498.6140051078446,2942.5530437918087,gaia:4005411875193709312,176.96599805250872,24.959397293291467,176.96598367019266,24.959421800346693,11.545508,0.09993577236780081,False,False,False
241,2320.4784916801345,2516.7096608614156,2318.749412941653,2516.1381404397152,gaia:4005030104140935424,176.86795526100858,24.739077713271545,176.8679400810015,24.73907129769278,11.560479,0.054743249464573575,False,False,False
242,8358.674572791486,262.71766659197874,8362.322168455132,260.01659677829184,gaia:4001318565202154624,180.2735668865587,23.590704557864427,180.273557399927,23.590692121409965,11.504176,0.054626102660544934,False,False,False
243,2896.8848922602133,672.3016768692637,2895.2447291983804,670.0481265366943,gaia:4004152242889352320,177.2075493286914,23.79561510600772,177.20751245296768,23.795609554334035,11.573297,0.12310063396116637,False,False,False
244,5160.951330650957,3531.323531582996,5160.953193570932,3531.3650385039314,gaia:4004767904977982720,178.4724803723732,25.274837647475277,178.4724819991779,25.27481716978931,11.6442375,0.07390964586836708,False,False,False
245,982.6518000949027,552.9726711916683,977.9454009981523,549.8408871643055,gaia:4004861672703355776,176.13317478213602,23.71683085542997,176.13321742408687,23.716833767038146,11.453261,0.14093648680233653,False,False,False
246,8066.081418163797,5250.294882016289,8069.308638781332,5252.564706306632,gaia:4006383980911781760,180.1322865141837,26.155367292711766,180.132284508742,26.15537009300948,11.63436,0.011984262109550371,False,False,False
247,1352.5237770466642,6090.906151723689,1348.084184458015,6094.213851393927,gaia:4017819795193451264,176.27775079047572,26.566963837905067,176.27774032369766,26.56694981869227,11.436694,0.06068730539901474,False,False,False
248,3154.005934223598,1659.7635823282303,3153.147534108502,1658.8868694122605,gaia:4004241823022685952,177.3455342455304,24.30497651200091,177.34553012873752,24.3049943772178,11.506849,0.06571778177691222,False,False,False
249,5239.705393851198,5228.0239968211845,5239.840788466583,5229.005916638796,gaia:4007084026221405056,178.51374631740737,26.146647902638886,178.513765296405,26.146627870027782,11.585399,0.09467111214389212,True,False,False
250,1065.2447880541658,1033.9166380325478,1060.6071887574772,1031.3390483044377,gaia:4004875554037652352,176.17407726923827,23.964903568812314,176.17408829748592,23.96490758823834,11.562193,0.03905839446112469,False,False,False
251,4457.240648802008,5927.750610231275,4456.9228109351825,5929.79487977694,gaia:4007166210419554176,178.06312778838253,26.504292601069395,178.06311700808538,26.50429468586985,11.633334,0.03553197241995373,False,False,False
252,4815.856908949117,15.418669170933299,4815.807037022119,12.72568137924327,gaia:4003905784781336448,178.287217037691,23.467329135853102,178.28722636409177,23.467346358746934,11.42446,0.0692301527583243,False,False,False
253,6226.896987046802,1484.7735435426086,6227.507004308018,1484.107983030908,gaia:4004422864484571136,179.07761823998013,24.22459898546498,179.0776060167373,24.22460044775908,11.643881,0.04047270782708067,False,False,False
254,3464.9715842487753,3716.816288900592,3464.6304392762463,3716.8614642911257,gaia:4005451801209645056,177.50811593892948,25.363479635337406,177.50816593787053,25.363475304399135,11.63438,0.16339168214441377,False,False,False
255,5819.046603700549,4222.980330708724,5819.232375068092,4223.294302822241,gaia:4004803501666944000,178.84580866136307,25.63097826755048,178.84580128813286,25.630971840953702,11.618043,0.03328647322692128,False,False,False
256,7203.86777080605,4058.048891853912,7205.245752909685,4058.7267514467876,gaia:4006056944921979136,179.63465766952126,25.54525771655235,179.63467302535392,25.545266991084105,11.749236,0.0600207840883209,False,False,False
257,5444.568785393132,5475.802239445093,5444.841624353694,5477.166087547334,gaia:4007092375636700928,178.63063325007195,26.274397485117557,178.63063861023755,26.274388480600393,11.651112,0.03674515362744049,False,False,False
258,5367.332321489803,5538.210697555921,5367.572049776953,5539.648822892077,gaia:4007104264107311488,178.58628337494366,26.306365513845,178.58628438837118,26.306352049691878,11.653276,0.04858116225156586,False,False,False
259,5797.5477716338855,3553.938143826695,5797.6400571729055,3554.060753251579,gaia:4004741551058688256,178.83400807275086,25.28733375539625,178.83398338957042,25.287336960982017,11.716917,0.08116920640988892,False,False,False
260,3058.3944011886533,1808.830493976497,3057.4924525925408,1808.0344347019818,gaia:4004244670586189824,177.29057343343163,24.38095798911573,177.29059002819614,24.380953344804094,11.639665,0.05692425181943431,False,False,False
261,5907.571989390879,662.5544596858736,5908.236351103662,660.9528084799231,gaia:4004303258235105536,178.8983095750975,23.801930740088206,178.89832219280913,23.8019192722612,11.622609,0.05858021287306979,False,False,False
262,4931.354523038497,4695.326364679398,4931.361453265072,4695.742544192575,gaia:4005578038888361088,178.33884221302344,25.872153742779496,178.33883398381082,25.87213768937357,11.769178,0.06364337394973692,False,False,False
263,599.3460550741238,3644.337249015876,593.785784551128,3644.6211742182586,gaia:4005307039336462336,175.87823738233885,25.301101595633497,175.87823406125423,25.301094774739095,11.603852,0.026828974652558107,False,False,False
264,927.8036007622932,3082.07878233849,923.0219373713398,3081.767055143786,gaia:4005284538003153792,176.07214208628585,25.01599457816817,176.07214465235666,25.015966427456014,11.624126,0.10168772321949775,False,False,False
265,2297.8468058039,1740.0562461590337,2295.824408669626,1738.8246246053743,gaia:4005002066594392448,176.86189255128022,24.339827478549044,176.86188008638894,24.339818078853465,11.682859,0.053072248762918106,False,False,False
266,5696.339773258978,3114.7906336647216,5696.393746449208,3114.855707893421,gaia:4004702312237465856,178.77693325075677,25.06174434437466,178.77691896012914,25.061746134249837,11.738378,0.04704603988704074,False,False,False
267,4487.294261796036,2536.5966835598297,4487.276393923503,2536.530699813705,gaia:4004605757076122496,178.0937895949981,24.76215988775992,178.09380419182946,24.76215700350163,11.794291,0.048833629570810215,False,False,False
268,2938.3846835343543,6177.978665806576,2936.393596521635,6181.010038510696,gaia:4005916684174059648,177.18875960369425,26.625256490229525,177.18877245458143,26.625265859286362,11.688357,0.05336707333018736,False,False,False
269,1843.0767012985743,4495.260357307132,1840.1308634546917,4496.29654809099,gaia:4005699393188716288,176.57716400633063,25.751458972540892,176.57714851915418,25.75148264449067,11.726738,0.09891412523531234,False,False,False
270,9210.661947297927,283.4690351286745,9214.406811521247,281.5476424026215,gaia:4001139271792029440,180.7510285045065,23.59688651488507,180.7510667416387,23.59688303209949,11.46407,0.12676527048138253,False,False,False
271,3123.88533648299,82.79312016295489,3122.244396965213,79.63295480688703,gaia:4004125274790155008,177.33887526867306,23.493985924937736,177.3388641361186,23.493981875574868,11.605363,0.03954023653463201,False,False,False
272,8957.132539591477,1630.2603187946324,8961.64168060268,1629.0544534223106,gaia:4002875954703271424,180.61787341699167,24.29032393719021,180.61786591725394,24.290328276877215,11.6196,0.02914913885126613,False,False,False
273,4627.356145790572,5045.322637148454,4627.2603707425405,5046.043468593679,gaia:4005595665434148992,178.16403715848,26.051129735327255,178.16404337352137,26.05111999118616,11.75301,0.04042993515693342,False,False,False
274,8202.234283654017,4245.192217953181,8205.4262274648,4246.370427481041,gaia:4006070001622587136,180.20480199613033,25.638151450073877,180.2048125404342,25.6381568667535,11.717355,0.039387932103378424,False,False,False
275,5043.3852776960985,3477.9657247503987,5043.384190137413,3477.993165456311,gaia:4004766358789755008,178.40585595228518,25.247166476804804,178.40586134142052,25.247157677001855,11.790341,0.03621459918757849,False,False,False
276,1818.8033436266178,4021.5354654939224,1815.9844644816803,4022.088683056279,gaia:4005674727192003456,176.56834021549219,25.507834059119375,176.56834280791975,25.507815406885424,11.7061205,0.06767427315790041,False,False,False
277,1049.3361175627765,2444.264140629342,1044.8218339783002,2443.299622906464,gaia:4005063914123483264,176.14873351004454,24.689563203541887,176.1487595231706,24.689559677829106,11.754422,0.08602790680581737,False,False,False
278,5373.719324103765,3927.3486367826417,5373.755881715448,3927.471710866421,gaia:4004797488712723968,178.59262629631786,25.478581712184393,178.59262164167907,25.478586016384135,11.804425,0.02165470472511085,False,False,False
279,5667.018920174144,1556.8149923218307,5667.270639173328,1556.3413055569622,gaia:4004379330695826816,178.76206514443862,24.261504309457102,178.76209482842071,24.26149430068815,11.82629,0.10387372491983267,False,False,False
280,9213.587595403991,3004.5064262453734,9218.501077151894,3004.650118736672,gaia:4002976353858772352,180.77243874245372,24.99494114602906,180.7724101599493,24.99493791773721,11.601459,0.09398156018633907,False,False,False
281,3088.210236598245,4212.6015545097825,3087.4207349699545,4212.951400399363,gaia:4005508563497454336,177.29020746913554,25.615877646010237,177.29022112057396,25.615865059431382,11.85588,0.06337944006210193,False,False,False
282,234.77070512381124,5483.22082702578,229.0646061462885,5485.334356074234,gaia:4017794712584481152,175.64459004618064,26.241426194628197,175.64458683554562,26.241429144829066,11.402004,0.014841699194645602,False,False,False
283,5103.4493506799445,2078.8566397421114,5103.47645620835,2078.727089609165,gaia:4004589303057155072,178.44333595621228,24.528820218546702,178.44332301424663,24.528838861968406,11.827411,0.0793801150326442,False,False,False
284,5860.808683768572,3762.9956736598297,5860.940330305646,3763.1679285670352,gaia:4004751343584127744,178.86983223473467,25.394743756777267,178.86981006544127,25.394742288858126,11.826572,0.07229124736801656,False,False,False
285,4386.574921166752,4105.552831856504,4386.521221799216,4105.651394211022,gaia:4005540449334565760,178.03038124527734,25.567452968777122,178.0303870514735,25.567445826754845,11.843405,0.03188416672664521,False,False,False
286,3345.2261087503284,1872.5777618127784,3344.6255765794067,1871.9540649444068,gaia:4004619367828169856,177.45202874561178,24.41555840104665,177.45203370197308,24.41556091783584,11.887756,0.01860280255060386,False,False,False
287,3936.8006228741256,3154.44183705565,3936.7191324336127,3154.377267651862,gaia:4004681180997517312,177.77930315055394,25.077128536156877,177.77932893668608,25.07713407309017,11.867317,0.08641020776482028,False,False,False
288,4653.642568436968,2249.367062746815,4653.62487352013,2249.26082334189,gaia:4004600126374729344,178.1888442471961,24.61520232468792,178.18885106418693,24.615210147668297,11.84649,0.03592937778249462,False,False,False
289,6328.136224873288,5173.086773204643,6328.931856482786,5174.385524359699,gaia:4006344776450520320,179.13668927051145,26.119329647958615,179.13667588462124,26.119353101536273,11.854519,0.09487379790974852,False,False,False
290,627.9139287856979,2453.940236232178,622.4614046308925,2452.92158873115,gaia:4005062471014475264,175.910064281508,24.68973574965707,175.91001654555174,24.689712916791287,11.744366,0.17645426249553653,True,False,False
291,6209.906098266037,6048.124095042955,6210.944247907249,6050.751677170583,gaia:4007126323059413888,179.0695488980862,26.569355497696765,179.06955931941715,26.56936840068494,11.68811,0.057302668851208244,False,False,False
292,7044.561239323845,2823.0465682418753,7045.618672680968,2823.049529991944,gaia:4004520617940262272,179.54105606062402,24.91115194557025,179.5410423035196,24.911158598862016,11.823502,0.05090482672085018,False,False,False
293,714.578454151304,943.8023505776973,709.4219618174038,941.1311678914494,gaia:4004880536199722368,175.97790572632607,23.914689505833344,175.97791083353937,23.914682134435193,11.6955595,0.031411897972840636,False,False,False
294,3808.344054862835,2615.9782365138703,3808.189794426381,2615.81777877029,gaia:4004667643260588416,177.70937443053472,24.799994710791413,177.70940549928028,24.800001297425396,11.927855,0.10426470181834353,False,False,False
295,5855.405127248265,4844.293155179511,5855.75097362202,4845.03681830689,gaia:4006324396830185088,178.86626564328756,25.950223977333867,178.86625890694967,25.950229797316812,11.929104,0.030240254538807326,False,False,False
296,5005.404703307724,71.39741687087599,5005.5028293044425,68.83368935234603,gaia:4003905372464477440,178.3932626106683,23.496629897761377,178.3932626220599,23.49663902030916,11.796935,0.0328411935887999,False,False,False
297,8327.635297724475,5004.644810711031,8331.236193644809,5006.690810822305,gaia:4006190806166670464,180.28073276032822,26.027935856457837,180.2807085666955,26.027940200771006,11.769766,0.07981104461112162,False,False,False
298,571.7822086750848,5514.251527924613,566.2744297306745,5516.646836278583,gaia:4017788145578813696,175.83717179256936,26.261675922947358,175.83713508696172,26.261692947153907,11.658232,0.1334114073254512,False,False,False
299,5965.706235011732,706.8178287410196,5966.401940664866,705.269153961578,gaia:4004304873142810496,178.9309339937075,23.82470725667242,178.93094317801635,23.82469506631053,11.8017,0.053298609879692954,False,False,False
300,1943.803886352539,39.98995157496029,1940.4798022784635,36.24883609859444,gaia:4004043013281029632,176.67770840382673,23.462697517651087,176.6777308603702,23.46270762397302,11.640307,0.08260337060336735,False,False,False
301,4370.852509619401,971.9026334181185,4370.625684518201,970.7709718207202,gaia:4004355961778782848,178.0341834248042,23.957816036181256,178.03420933911187,23.95780983091242,11.8866205,0.08813209001337319,False,False,False
302,970.319841214085,1742.3276709975928,965.5525204313158,1740.5706026797072,gaia:4005037354045757184,176.11234632650363,24.32793731669056,176.1123602951137,24.3279518305203,11.502933,0.06949577302627868,False,False,False
303,3930.104854978714,5538.352078200722,3929.5161750896123,5539.83054424028,gaia:4005656615314277888,177.76264406757238,26.301876515725663,177.7626352446533,26.30186960052078,11.874909,0.03782232019772177,False,False,False
304,3268.2718689967433,3133.5922219739095,3267.8326237661604,3133.4763159843947,gaia:4005405381203099008,177.40028591568915,25.062779913565254,177.4003109760934,25.06278866692189,11.8473,0.08758797026702074,False,False,False
305,586.5250982289899,3775.165097263667,580.9290643257991,3775.5954770435264,gaia:4005355937539464448,175.86917994066144,25.36817571671035,175.86919158133273,25.368172448682767,11.766466,0.03965111287012121,False,False,False
306,2515.946249964515,5606.325073577311,2513.6493732598337,5608.547050749228,gaia:4005835011075964032,176.9511686363451,26.328244141431203,176.95117027210787,26.328243897800963,11.837425,0.005350272522770589,False,False,False
307,6472.9274115743165,3846.508602836293,6473.42165028712,3846.845675588269,gaia:4006238261261602176,179.2180123923962,25.43763911069594,179.21800522355298,25.437631002037598,11.788154,0.03735354285294062,False,False,False
308,6834.383840089364,4156.3342279498265,6835.307984793322,4156.944301353648,gaia:4006247194793630208,179.42432962263578,25.596425457528593,179.42432699118507,25.596425759440947,11.921143,0.008612373443858267,False,False,False
309,8188.186875573275,784.8891896336117,8191.679966630485,782.7313999584703,gaia:4001360724601117184,180.18030117257035,23.85985688812732,180.18027531839314,23.85986223867673,11.886053,0.08727281082455376,False,False,False
310,6790.724002825463,3352.887551521806,6791.458054250075,3353.1020557526076,gaia:4004539996832659072,179.39801743188346,25.18376316568817,179.398010186965,25.183757826989577,11.971081,0.030437868753004152,False,False,False
311,8514.0554869789,3774.745629863826,8517.781903943622,3775.5457312365334,gaia:4006015232199668096,180.3799233586049,25.394899778691673,180.3799158229974,25.39489984397162,11.8344965,0.024508011244726798,False,False,False
312,1484.9557574319151,5432.246253734425,1480.863822980647,5434.63313749424,gaia:4005796085787877760,176.36162617539324,26.2297362250482,176.36163621530173,26.229715556722642,11.833805,0.08116298443264344,False,False,False
313,4981.848477633261,5151.325110948315,4981.875874782181,5152.177721491001,gaia:4005594291044622464,178.366420639512,26.106628074804213,178.3664230096637,26.106620183532847,11.927357,0.029423696338395675,False,False,False
314,4645.680106092198,2116.424727554087,4645.656069652754,2116.274998341255,gaia:4004587688149439104,178.18480005224455,24.54690500781158,178.18480928015316,24.54690425094902,11.981943,0.030340646107327424,False,False,False
315,5888.396972188625,1444.0146175643883,5888.791729458977,1443.3998811188858,gaia:4004332567091907840,178.88692761004748,24.203645752140915,178.8869227471506,24.20366135098278,11.916581,0.05838183491219202,False,False,False
316,1852.7600460890517,3550.5569690060843,1850.1288600981284,3550.6875195156463,gaia:4005482102203142272,176.5926323767585,25.26613316388375,176.59260357199412,25.266127544367546,11.93563,0.09593426219559857,False,False,False
317,2642.364290069358,1042.7981909447708,2640.561575456464,1040.9390019284406,gaia:4004205156886437120,177.0616830652003,23.984225913005588,177.061689247567,23.984210678706365,11.993163,0.05849198683778937,False,False,False
318,8271.360034402018,3459.6874724794866,8274.5698077835,3460.167067941275,gaia:4006007119005649408,180.24003016284348,25.23417786154333,180.24003384100598,25.234175635119357,11.899202,0.014412144161570122,False,False,False
319,751.7859155767678,1749.661707810403,746.5841956243676,1747.8779179889007,gaia:4004947086717179136,175.9888529411841,24.329214401270175,175.98891420034892,24.32923918917263,11.822686,0.21987112634778513,False,False,False
320,5269.809718604688,347.3768982885199,5270.081558147012,345.34407334932166,gaia:4004283668888797312,178.54083547317532,23.639181880312456,178.54083617223714,23.639160964875643,11.925453,0.0753308591024679,False,False,False
321,4009.7785264510026,1149.6851739626368,4009.3991780131983,1148.6642012000889,gaia:4004545902411784832,177.83038856386523,24.047653116284227,177.8303968498379,24.047665199808616,11.98108,0.051325967231892124,False,False,False
322,7698.666091431357,1258.5794045669531,7701.251252217891,1257.1120978826452,gaia:4001417894910520704,179.90654175637547,24.105367488432897,179.9065670923838,24.105354010212103,11.9148855,0.09636322176239694,False,False,False
323,5002.830564620292,2416.7390323142067,5002.836035605255,2416.701218332681,gaia:4004596381163262464,178.38563833832217,24.702129260762792,178.38563651447828,24.702143199250973,11.939961,0.050531861627619946,False,False,False
324,8911.530707320158,5983.265043503345,8915.596872869417,5986.294198033813,gaia:4006232591904776320,180.6217260913847,26.527680998172627,180.6216956799188,26.527690677397125,11.722893,0.10396806679715918,False,False,False
325,7316.137196481998,5724.789049370854,7318.376087375251,5727.410592952776,gaia:4006446996671877504,179.7042408531418,26.40176697350422,179.70425471058968,26.401765742955305,11.949389,0.04490258004315242,False,False,False
326,5510.203572773844,2395.1060974762854,5510.265292003723,2395.0712883471547,gaia:4004498249750491392,178.6724457431719,24.691950654923012,178.6724518884355,24.691967536570207,11.986974,0.0640116214753814,False,False,False
327,8409.18620828944,2100.483407976815,8412.786021529766,2099.74805880617,gaia:4002933812207032704,180.31111840996422,24.535043177822384,180.31114578023687,24.535027665627837,11.961008,0.10560865767052512,False,False,False
328,5766.668375464567,923.8615695953531,5767.1462119468415,922.678704252196,gaia:4004319098074496128,178.8188978339083,23.936223566753362,178.8189075408709,23.936221642452182,11.983413,0.032682333759127775,False,False,False
329,8367.881902911575,5949.331732800077,8371.600476472471,5952.542577239925,gaia:4006417069339840256,180.30936133740965,26.513392512159356,180.3093232284572,26.513370174811232,11.855505,0.14675632886976814,False,False,False
330,6745.853872672993,5733.60910131695,6747.342260954572,5735.945721451755,gaia:4006367793179744768,179.3769145344507,26.40728589664276,179.37692830189383,26.40729756970876,11.992443,0.061127015271133865,False,False,False
331,1380.3012599873823,1990.1076633046769,1376.4776961067673,1988.7445781397266,gaia:4004998905498514304,176.34113991334584,24.459699411960308,176.34115481373289,24.459700601944334,11.999243,0.04901479395540277,False,False,False
332,6576.71148280704,239.33743979968995,6578.197260546249,236.81055361244125,gaia:4001280872569315200,179.27392185885452,23.583953688865854,179.2739252601617,23.58395048398577,11.975533,0.016094967222778103,False,False,False
333,7018.20163853631,6184.809733058236,7020.226535908045,6188.0691692145865,gaia:4006466169405868672,179.53447763316504,26.63898519211448,179.53449743133152,26.638979623367867,11.858587,0.06678750484316359,False,False,False
334,1441.7798982572494,2329.764289608058,1438.170864433644,2328.774675266209,gaia:4005049414313912960,176.37225050533513,24.63489179962644,176.3722547575569,24.63488030598648,11.764474,0.04365413678738669,False,False,False
335,3578.927982437167,3196.3270442530156,3578.6995070375615,3196.245249045193,gaia:4005427470219169536,177.57609904478807,25.096802754811552,177.576130113799,25.096815417968298,11.955425,0.1110751518867117,False,False,False
336,9433.46915426998,4899.706936784129,9438.299068538487,4901.583151739561,gaia:4006149162163769856,180.9123334457369,25.967300143141312,180.91234582119415,25.96730395870632,11.935067,0.04234374822593717,False,False,False
337,8300.962653625356,604.9354982397645,8304.60961695714,602.5735885484992,gaia:4001347427382386816,180.24284642769993,23.76682511301165,180.24282441903588,23.76684703066275,11.995135,0.10716219476362526,False,False,False
338,8795.734230641872,534.7954587618542,8799.791302538399,532.5467126080885,gaia:4001157074431642880,180.52024774974817,23.728302825580013,180.5202155110632,23.72831282461331,11.925766,0.1121802177266987,False,False,False
339,9535.904330887874,2601.201456169365,9541.081066914936,2601.0276731080976,gaia:4002922885810824192,180.95186459667292,24.785462608703302,180.95188563391412,24.785445560193068,11.967729,0.09216546757083206,False,False,False
340,2085.5883655556877,4781.468966053803,2082.998623768095,4782.740764691824,gaia:4005725712748408448,176.71275481058814,25.900712343933478,176.71275026034934,25.90071981865294,11.816473,0.030679422299854535,False,False,False
341,778.3589727006847,2062.889905946429,773.2143919593454,2061.460186306364,gaia:4005043092122065664,176.00002504625098,24.490519134330583,176.00005179037862,24.49051612094973,11.923152,0.08828566362076758,False,False,False
342,9427.955727913606,6146.054768462938,9431.508757973188,6148.539290437848,gaia:4006606387202477184,180.91913972259658,26.607529435568875,180.91914924157237,26.607537006138973,11.96997,0.04100658776511142,False,False,False
343,9153.195838995623,608.4326173740164,9157.350444080907,606.5265208220521,gaia:4001159857570468480,180.7212000962396,23.764092577907626,180.72123037752903,23.764107618300784,11.80646,0.11351529422993853,False,False,False
344,8638.728379785334,6369.2707418107375,8642.44514270273,6372.781498092318,gaia:4006437990124835712,180.46754170038363,26.72770123449466,180.46754771146374,26.727712196674425,11.95419,0.04394265891303419,False,False,False
345,3147.3798125296544,1263.8526477885189,3146.3422731180895,1262.5670325341234,gaia:4004183682049954304,177.3443812696198,24.101468956982885,177.34440115117943,24.10147392761097,11.922985,0.06774029851363995,False,False,False
346,6027.825062209227,1679.893506819854,6028.230894793973,1679.4469017443603,gaia:4004474266653120640,178.96529527392494,24.32492573111352,178.96535193258015,24.32490588048433,11.813125,0.19912830657731018,False,False,False
